{
  "hash": "995b08c3",
  "configHash": "4336ae94",
  "lockfileHash": "704f5a1a",
  "browserHash": "57170b01",
  "optimized": {
    "@angular/common": {
      "src": "../../../../../../node_modules/@angular/common/fesm2022/common.mjs",
      "file": "@angular_common.js",
      "fileHash": "bdea86d8",
      "needsInterop": false
    },
    "@angular/common/http": {
      "src": "../../../../../../node_modules/@angular/common/fesm2022/http.mjs",
      "file": "@angular_common_http.js",
      "fileHash": "fa5d1126",
      "needsInterop": false
    },
    "@angular/core": {
      "src": "../../../../../../node_modules/@angular/core/fesm2022/core.mjs",
      "file": "@angular_core.js",
      "fileHash": "b0455f8b",
      "needsInterop": false
    },
    "@angular/forms": {
      "src": "../../../../../../node_modules/@angular/forms/fesm2022/forms.mjs",
      "file": "@angular_forms.js",
      "fileHash": "d39f4fc7",
      "needsInterop": false
    },
    "@angular/platform-browser": {
      "src": "../../../../../../node_modules/@angular/platform-browser/fesm2022/platform-browser.mjs",
      "file": "@angular_platform-browser.js",
      "fileHash": "0f6bb066",
      "needsInterop": false
    },
    "@angular/router": {
      "src": "../../../../../../node_modules/@angular/router/fesm2022/router.mjs",
      "file": "@angular_router.js",
      "fileHash": "7f812773",
      "needsInterop": false
    }
  },
  "chunks": {
    "chunk-P2THJSOA": {
      "file": "chunk-P2THJSOA.js"
    },
    "chunk-MKB72TFJ": {
      "file": "chunk-MKB72TFJ.js"
    },
    "chunk-3MZQG37H": {
      "file": "chunk-3MZQG37H.js"
    },
    "chunk-VBBQ2GWJ": {
      "file": "chunk-VBBQ2GWJ.js"
    },
    "chunk-MHVRFEGU": {
      "file": "chunk-MHVRFEGU.js"
    }
  }
}