{
  "hash": "c7ef9031",
  "configHash": "d7571b10",
  "lockfileHash": "704f5a1a",
  "browserHash": "ecbc09de",
  "optimized": {
    "@angular/common": {
      "src": "../../../../../../node_modules/@angular/common/fesm2022/common.mjs",
      "file": "@angular_common.js",
      "fileHash": "a63171ad",
      "needsInterop": false
    },
    "@angular/common/http": {
      "src": "../../../../../../node_modules/@angular/common/fesm2022/http.mjs",
      "file": "@angular_common_http.js",
      "fileHash": "6acfe52b",
      "needsInterop": false
    },
    "@angular/core": {
      "src": "../../../../../../node_modules/@angular/core/fesm2022/core.mjs",
      "file": "@angular_core.js",
      "fileHash": "2925aca0",
      "needsInterop": false
    },
    "@angular/forms": {
      "src": "../../../../../../node_modules/@angular/forms/fesm2022/forms.mjs",
      "file": "@angular_forms.js",
      "fileHash": "95be68cb",
      "needsInterop": false
    },
    "@angular/platform-browser": {
      "src": "../../../../../../node_modules/@angular/platform-browser/fesm2022/platform-browser.mjs",
      "file": "@angular_platform-browser.js",
      "fileHash": "e7a801b4",
      "needsInterop": false
    },
    "@angular/router": {
      "src": "../../../../../../node_modules/@angular/router/fesm2022/router.mjs",
      "file": "@angular_router.js",
      "fileHash": "66d3ea3d",
      "needsInterop": false
    }
  },
  "chunks": {
    "chunk-VPXJGRUF": {
      "file": "chunk-VPXJGRUF.js"
    },
    "chunk-AIRIEBLI": {
      "file": "chunk-AIRIEBLI.js"
    },
    "chunk-ENLQZX55": {
      "file": "chunk-ENLQZX55.js"
    },
    "chunk-VV3Y44W4": {
      "file": "chunk-VV3Y44W4.js"
    },
    "chunk-MHVRFEGU": {
      "file": "chunk-MHVRFEGU.js"
    }
  }
}