{
  "cars": [
    {
      "id": "1",
      "model": "Swift",
      "brand": "Maruti",
      "regno": "Mh29AX2677",
      "dailyRate": 2000,
      "year": 2023,
      "color": "blue",
      "carImage": "https://www.cartoq.com/wp-content/uploads/2023/01/next-gen-maruti-suzuki-swift-render.jpg"
    },
    {
      "id": "2",
      "model": "Creta",
      "brand": "Hyundai",
      "regno": "Mh29AY2688",
      "dailyRate": 3500,
      "year": 2024,
      "color": "white",
      "carImage": "https://tse2.mm.bing.net/th/id/OIP.qAMNApABf-jC1UE1dbvYOwHaEK?rs=1&pid=ImgDetMain&o=7&rm=3"
    },
    {
      "id": "3",
      "model": "SUV",
      "brand": "Mahendra",
      "regno": "Mh29AZ2699",
      "dailyRate": 3000,
      "year": 2023,
      "color": "red",
      "carImage": "https://www.bing.com/images/search?view=detailV2&ccid=MNqIhOyj&id=F75739825EACDB5CE476B79741AE19CE965DC295&thid=OIP.MNqIhOyjn3qWKT536CvrXAHaE7&mediaurl=https%3a%2f%2fcdn.pixabay.com%2fphoto%2f2015%2f11%2f21%2f20%2f26%2fauto-1055544_1280.jpg&exph=853&expw=1280&q=suv+images&FORM=IRPRST&ck=D210A3E906551F15089FFCF86255FD41&selectedIndex=0&itb=0"
    },
    {
      "id": "4",
      "model": "Nexon",
      "brand": "Tata",
      "regno": "Mh29AW2700",
      "dailyRate": "3500",
      "year": 2026,
      "color": "black",
      "carImage": "https://www.bing.com/images/search?view=detailV2&ccid=TeqZTrSz&id=3F3846EA03E858FCF379910A6A628EA8D54D8F28&thid=OIP.TeqZTrSzI2dR86ie22jZrwHaEK&mediaurl=https%3a%2f%2fstat.overdrive.in%2fwp-content%2fuploads%2f2023%2f04%2fUntitled-design-2023-04-17T150440.030.png&exph=675&expw=1200&q=nexon&FORM=IRPRST&ck=EA6BA867DB5B5862720E135E323FE2E9&selectedIndex=6&itb=0"
    },
    {
      "id": "0ea7",
      "model": "800",
      "brand": "Maruti",
      "regno": "MH31AS8976",
      "dailyRate": "1200",
      "year": "2011",
      "color": "pink",
      "carImage": "xyz.com"
    },
    {
      "id": "2748",
      "model": "800",
      "brand": "Maruti",
      "regno": "MH31AS8976",
      "dailyRate": "1100",
      "year": "2011",
      "color": "green",
      "carImage": "xyz.com"
    },
    {
      "id": "3bd9",
      "model": "Yamaha",
      "brand": "R15",
      "regno": "TG07K7597",
      "dailyRate": "5000",
      "year": "2024",
      "color": "Grey",
      "carImage": "ABCXYZ.com"
    }
  ],
  "customers": [
    {
      "customerId": "c1",
      "customerName": "Rahul Sharma",
      "customerCity": "Hyderabad",
      "mobileNo": "9876543210",
      "email": "rahul@gmail.com"
    },
    {
      "customerId": "c2",
      "customerName": "Anita Verma",
      "customerCity": "Pune",
      "mobileNo": "9123456780",
      "email": "anita@gmail.com"
    },
    {
      "customerId": "c3",
      "customerName": "Anita Shrma",
      "customerCity": "Mumbai",
      "mobileNo": "91234560",
      "email": "anitas@gmail.com"
    },
    {
      "customerId": "c4",
      "customerName": "Vinita Mittal",
      "customerCity": "Nashik",
      "mobileNo": "91456780",
      "email": "vinita@gmail.com"
    },
    {
      "id": "a648",
      "customerId": 0,
      "customerName": "shitlesh",
      "customerCity": "Hyderabad",
      "mobileNo": "12345678",
      "email": "shitlesh95@gmail.com"
    },
    {
      "id": "2837",
      "customerId": 0,
      "customerName": "shitlesh",
      "customerCity": "Hyderabad",
      "mobileNo": "12345678",
      "email": "shitlesh95@gmail.com"
    },
    {
      "id": "e998",
      "customerId": 0,
      "customerName": "shitlesh",
      "customerCity": "Hyderabad",
      "mobileNo": "12345678",
      "email": "shitlesh95@gmail.com"
    }
  ]
}